Dataset,Sensitive Attribute,Mitigation,accuracy,f1_score,SPD,DI,EOD,AOD,Pipeline
compas,race,baseline,0.6805266805266805,0.6063193851409053,-0.1969245455835493,0.5392254520208881,-0.2217438233166091,-0.1673825482449455,base
compas,race,baseline,0.6638946638946639,0.5893310753598645,-0.188922361707841,0.5657118055555556,-0.2497953056768559,-0.1690275418447704,base
compas,race,baseline,0.6611226611226612,0.58169375534645,-0.1101549647885803,0.7221550625673865,-0.1210661964188822,-0.093271684568077,base
compas,race,baseline,0.683991683991684,0.6082474226804124,-0.181814681065909,0.5651065920232528,-0.1525743759786313,-0.1487530059996881,base
compas,race,baseline,0.6860706860706861,0.6050566695727986,-0.1380292516280559,0.6475059434229755,-0.1685015861168128,-0.1093016101436453,base
compas,race,baseline,0.6943866943866944,0.6188418323249785,-0.2228059841128215,0.4761342227200977,-0.2419830000965904,-0.1884095328351804,base
compas,race,baseline,0.6791406791406791,0.6032562125107113,-0.2084105667990668,0.5175010947306963,-0.2509944708528626,-0.1899045477375388,base
compas,race,baseline,0.6729036729036729,0.6,-0.1720597859359496,0.5975259870126663,-0.2562256961080346,-0.1598128655011056,base
compas,race,baseline,0.6777546777546778,0.5967042497831744,-0.1616856423390655,0.5987180171999359,-0.2394948259331504,-0.1570092136355458,base
compas,race,baseline,0.683991683991684,0.6148648648648649,-0.1726886061036564,0.5959421934856194,-0.1855834420946858,-0.1486184238062087,base
compas,race,baseline,0.665973665973666,0.5801393728222997,-0.1619815571181944,0.5972001172725749,-0.2210468621540148,-0.150703265386969,base
compas,race,baseline,0.6694386694386695,0.5974683544303798,-0.1975051975051975,0.5476190476190477,-0.2131303299962922,-0.1749369572519069,base
compas,race,baseline,0.6638946638946639,0.5948203842940685,-0.169542784052724,0.6104552699740985,-0.1820614278749674,-0.1530454949845896,base
compas,race,baseline,0.6611226611226612,0.5780845556514236,-0.1620166555071978,0.6053767550900797,-0.2196969696969696,-0.15226651763537,base
compas,race,baseline,0.6763686763686764,0.6032285471537807,-0.1755441897153598,0.5893677371231155,-0.1613085548923856,-0.1435837709913765,base
compas,race,baseline,0.6777546777546778,0.5953002610966057,-0.1732554091233313,0.5729683910902746,-0.2023312940304041,-0.1459473296563096,base
compas,race,baseline,0.6611226611226612,0.5758889852558543,-0.1864490561751429,0.5500170065437119,-0.2210842828721287,-0.165646079803601,base
compas,race,baseline,0.6638946638946639,0.5961698584512907,-0.1895079533404029,0.5765260663507109,-0.2372737556561086,-0.1811556758484518,base
compas,race,baseline,0.6618156618156619,0.5878378378378378,-0.1856847060874872,0.5691048686486541,-0.198741418764302,-0.1690894095830794,base
compas,race,baseline,0.6534996534996536,0.5733788395904437,-0.1714109721894576,0.5896269335759782,-0.1422852983988354,-0.1525409170543192,base
compas,race,baseline,0.6708246708246708,0.592274678111588,-0.2066642396727841,0.5160908589480018,-0.2339746471275735,-0.1900313708420166,base
compas,race,baseline,0.6756756756756757,0.6132231404958678,-0.2118675074790693,0.5387066541705717,-0.2547199496538704,-0.1978067810003849,base
compas,race,baseline,0.6909216909216909,0.6094570928196147,-0.1908211840446912,0.5306294511939673,-0.2563829787234043,-0.1633930391321557,base
compas,race,baseline,0.6632016632016632,0.5902192242833053,-0.1999395506167123,0.5447677057557433,-0.2071640900274306,-0.1769458043105374,base
compas,race,baseline,0.6874566874566874,0.6148590947907772,-0.1573377304751911,0.6203978300180831,-0.185237556561086,-0.1483466654715605,base
compas,sex,baseline,0.6798336798336798,0.6064735945485519,-0.3171176975945017,0.2574805129494594,-0.3772893772893772,-0.2992675156332698,base
compas,sex,baseline,0.6632016632016632,0.5895270270270271,-0.3309073045872627,0.2307056560678007,-0.4043790202869867,-0.3155956542425061,base
compas,sex,baseline,0.6632016632016632,0.5888324873096445,-0.2611515922584625,0.3729170523977041,-0.2536492608266065,-0.2358621464355718,base
compas,sex,baseline,0.6798336798336798,0.6078098471986417,-0.2820361262028286,0.3298037246468572,-0.2817282665278501,-0.2391916552274843,base
compas,sex,baseline,0.683991683991684,0.6082474226804124,-0.2724801524293426,0.3302004621245238,-0.2803224276908487,-0.2433170967467855,base
compas,sex,baseline,0.7013167013167013,0.6287683031869079,-0.2790433433100543,0.3161969439728353,-0.3290477017818188,-0.2496684896041297,base
compas,sex,baseline,0.6895356895356896,0.6196943972835314,-0.3164718958399492,0.2548006460682558,-0.380952380952381,-0.2940205405264325,base
compas,sex,baseline,0.6715176715176715,0.5962521294718909,-0.2741744813519456,0.3417546542748743,-0.362968353419357,-0.2649956410378049,base
compas,sex,baseline,0.6784476784476784,0.6013745704467353,-0.3141555043825277,0.2496616465574337,-0.3899538618945579,-0.2943392702412913,base
compas,sex,baseline,0.6888426888426888,0.6248955722639933,-0.2822356303588441,0.3459036180046513,-0.2661848471856434,-0.2386380488410793,base
compas,sex,baseline,0.6632016632016632,0.5839041095890412,-0.304384396705841,0.2784262231300456,-0.3779271930258235,-0.2957470246779189,base
compas,sex,baseline,0.6687456687456688,0.5969645868465431,-0.2966346427870274,0.3048920745868857,-0.3889751552795031,-0.2886001366363857,base
compas,sex,baseline,0.6708246708246708,0.6071133167907361,-0.3380538003916786,0.253330884903389,-0.356911853188929,-0.3109695877966503,base
compas,sex,baseline,0.6625086625086625,0.581255374032674,-0.2471517246798145,0.388986013986014,-0.3179567277826094,-0.2349346480443101,base
compas,sex,baseline,0.6784476784476784,0.6061120543293718,-0.3013920982568945,0.2870098039215686,-0.3421530797656233,-0.272925757521503,base
compas,sex,baseline,0.6756756756756757,0.5951557093425606,-0.2230263403002868,0.4329591740077674,-0.2286056253740275,-0.1902590968400192,base
compas,sex,baseline,0.6638946638946639,0.5822566752799311,-0.2567718650123346,0.365461425268026,-0.283157602663707,-0.2387652451064036,base
compas,sex,baseline,0.6722106722106722,0.6061615320566195,-0.2958111650859742,0.3214759462327555,-0.3870900572618427,-0.2808878488591164,base
compas,sex,baseline,0.6729036729036729,0.6,-0.2623260662078666,0.3705249517839923,-0.2971232288535853,-0.2448886845806969,base
compas,sex,baseline,0.6534996534996536,0.5769881556683588,-0.2300475204094066,0.4440518256772673,-0.2268856447688564,-0.2050589347593966,base
compas,sex,baseline,0.674982674982675,0.6008510638297873,-0.3101472215940873,0.2729542728008258,-0.419701666020922,-0.3090708492179165,base
compas,sex,baseline,0.6729036729036729,0.6099173553719007,-0.2811495399623102,0.364547447541497,-0.3399999999999999,-0.2642077775553655,base
compas,sex,baseline,0.683991683991684,0.6062176165803108,-0.234937831280437,0.4141943158902639,-0.2931722964126734,-0.2201420332066014,base
compas,sex,baseline,0.6625086625086625,0.5904121110176619,-0.3034004982735259,0.296279399837794,-0.3532596155552794,-0.2904768584160256,base
compas,sex,baseline,0.683991683991684,0.6109215017064847,-0.2905820546497101,0.2999884245861789,-0.3376967430263363,-0.2678368108195265,base
compas,race,reweighing,0.6611226611226612,0.5795356835769563,-0.0055149193080227,0.984567901234568,-0.006203370933115,0.0257685709643214,preprocessing
compas,race,reweighing,0.6486486486486487,0.5707027942421675,0.0169298805048335,1.0467706787833828,-0.0335926128093158,0.0374683606143695,preprocessing
compas,race,reweighing,0.6507276507276507,0.5617391304347826,0.1121087560070984,1.362749207147547,0.1292955326460481,0.1320329423406258,preprocessing
compas,race,reweighing,0.6638946638946639,0.5872340425531914,0.0072909000667477,1.0201771420451855,0.06148107211937,0.0420189087949177,preprocessing
compas,race,reweighing,0.6632016632016632,0.5788561525129983,0.073355396605103,1.2262585284897658,0.0716551595446911,0.1041163812915089,preprocessing
compas,race,reweighing,0.6881496881496881,0.6038732394366197,-0.0385203440778246,0.889811241272929,0.0014247078141601,0.006040222759539,preprocessing
compas,race,reweighing,0.6805266805266805,0.6015557476231633,-0.0339322867410629,0.9066111400312338,-0.0332192046449267,-0.0085390468114842,preprocessing
compas,race,reweighing,0.6528066528066528,0.5765004226542688,0.0471215351812366,1.133534743202417,0.026083856087533,0.0660206828584918,preprocessing
compas,race,reweighing,0.6715176715176715,0.5913793103448276,0.0670404407808363,1.2026017106247355,0.0349456144411015,0.0769411005128021,preprocessing
compas,race,reweighing,0.6812196812196812,0.6068376068376068,0.023085785566403,1.065454992017684,0.0365553643409061,0.051461314904984,preprocessing
compas,race,reweighing,0.6534996534996536,0.5629370629370629,0.0823003073813634,1.2626306737255113,0.1029323102219785,0.1029546713095479,preprocessing
compas,race,reweighing,0.6708246708246708,0.590869939707149,0.002079002079002,1.0058823529411764,0.0365220615498701,0.0331136616373678,preprocessing
compas,race,reweighing,0.6597366597366597,0.5870479394449116,0.0014199926290459,1.003806369130637,0.0174941327195836,0.0216597614834277,preprocessing
compas,race,reweighing,0.6437976437976438,0.5584192439862543,0.0499874455975895,1.1477335971801372,0.0281385281385281,0.0628397558725427,preprocessing
compas,race,reweighing,0.6673596673596673,0.5925297113752123,0.0231794609291084,1.0648050394144144,0.0428875022608066,0.056144181451489,preprocessing
compas,race,reweighing,0.6597366597366597,0.5681618293755497,0.0263195883292007,1.080147391557308,0.0118418613274008,0.0541337900886205,preprocessing
compas,race,reweighing,0.647955647955648,0.5590277777777778,0.0210220316950143,1.061743954726866,0.0286218122626152,0.0472258294227999,preprocessing
compas,race,reweighing,0.6694386694386695,0.600836820083682,0.0127232237539766,1.0340852272727272,-0.0062217194570135,0.0253766857285243,preprocessing
compas,race,reweighing,0.6576576576576577,0.5756013745704468,0.0645256206272749,1.1925841600260203,0.0675057208237985,0.0835311462845522,preprocessing
compas,race,reweighing,0.6507276507276507,0.5655172413793104,-0.0077717491022515,0.978167225065351,0.015625,0.0104867256251481,preprocessing
compas,race,reweighing,0.6583506583506583,0.576824034334764,0.0127352934878043,1.0361212342079689,0.026903713027061,0.0340917758079016,preprocessing
compas,race,reweighing,0.6528066528066528,0.5807531380753137,0.0305059940167444,1.083024835988753,0.0172840061134585,0.0463198192812583,preprocessing
compas,race,reweighing,0.6805266805266805,0.5931156222418358,-0.0123522498892938,0.9635589388001204,-0.0310874704491725,0.0223944597174299,preprocessing
compas,race,reweighing,0.6534996534996536,0.5805369127516778,0.0443209733636866,1.1229133970609215,0.0476993882633796,0.0690254885874031,preprocessing
compas,race,reweighing,0.6784476784476784,0.6027397260273972,0.0281281452769984,1.0804988662131518,0.0520361990950225,0.0424404947953218,preprocessing
compas,sex,reweighing,0.6756756756756757,0.6013628620102215,-0.0803712056128293,0.7881289957300243,-0.0856227106227106,-0.0509430508338487,preprocessing
compas,sex,reweighing,0.6625086625086625,0.5855319148936171,-0.080782879045446,0.786566934781495,-0.0738908131288141,-0.0448741674307692,preprocessing
compas,sex,reweighing,0.6694386694386695,0.5877268798617113,0.0057637443133626,1.016453885097953,0.1001099904923472,0.0494141045036969,preprocessing
compas,sex,reweighing,0.6701316701316701,0.5959252971137522,-0.0345550988907332,0.90726784085212,0.0284226965122331,0.0252315854967414,preprocessing
compas,sex,reweighing,0.6798336798336798,0.6003460207612458,-0.0273864718958399,0.9230164964650432,0.0281650071123754,0.0152385729203495,preprocessing
compas,sex,reweighing,0.693000693000693,0.6197424892703862,-0.0380962938329083,0.8954148914587139,0.0294781954016332,0.0178258454997927,preprocessing
compas,sex,reweighing,0.6777546777546778,0.604255319148936,-0.0343918704350587,0.907102418939784,-0.0019841269841269,0.0092984270532914,preprocessing
compas,sex,reweighing,0.659043659043659,0.5794871794871794,-0.0099932010706782,0.9724178155721422,-0.042899487052058,0.0088736327414415,preprocessing
compas,sex,reweighing,0.6722106722106722,0.5981308411214954,-0.0513907141048671,0.8631159780985566,-0.0171039169128008,-0.0044988114588271,preprocessing
compas,sex,reweighing,0.6756756756756757,0.6073825503355704,-0.0305303270879644,0.919926039445629,-0.0060023274330862,0.0145935353048702,preprocessing
compas,sex,reweighing,0.668052668052668,0.5823888404533566,-0.0619032267518536,0.8267012356213388,-0.0328274089088841,-0.0341324100020949,preprocessing
compas,sex,reweighing,0.659043659043659,0.5794871794871794,-0.0865278050448693,0.7701727531161163,-0.1335034013605441,-0.0705923580579069,preprocessing
compas,sex,reweighing,0.6625086625086625,0.5931495405179615,-0.1011343901267413,0.7462921764923989,-0.0785950661853189,-0.0652538172456649,preprocessing
compas,sex,reweighing,0.6472626472626473,0.5638389031705227,0.0154003300070715,1.0433532404335324,0.0099927228838678,0.0391493669064148,preprocessing
compas,sex,reweighing,0.6618156618156619,0.5821917808219179,-0.0527389862862309,0.8570431644880174,0.0065331455054,-0.002112161244455,preprocessing
compas,sex,reweighing,0.6645876645876646,0.576923076923077,0.0336611899705673,1.1002107364685003,0.0349414103974826,0.0677439292424571,preprocessing
compas,sex,reweighing,0.6611226611226612,0.5780845556514236,0.0386777090498122,1.112068661971831,0.0943396226415094,0.0723182538164156,preprocessing
compas,sex,reweighing,0.6576576576576577,0.5827702702702703,-0.0403172950882874,0.8931818181818182,-0.0557001561686621,-0.0085927126993657,preprocessing
compas,sex,reweighing,0.6548856548856549,0.5699481865284973,-0.0124861857638016,0.9647678951098512,-0.0323815657649921,0.0056768405713798,preprocessing
compas,sex,reweighing,0.6576576576576577,0.5869565217391305,0.0655781649811136,1.1794119607973863,0.1269858308286818,0.104626956507758,preprocessing
compas,sex,reweighing,0.6756756756756757,0.6013628620102215,-0.0087357033193292,0.9760600130463144,-0.0524344569288389,0.0031679932830388,preprocessing
compas,sex,reweighing,0.6756756756756757,0.6093489148580968,-0.0309001219377009,0.9198936705223076,-0.0136363636363635,0.0028946637043556,preprocessing
compas,sex,reweighing,0.6742896742896742,0.5934256055363322,0.0312821825671579,1.0909014058312834,-0.0123068866195338,0.048297590028861,preprocessing
compas,sex,reweighing,0.6652806652806653,0.5944584382871536,0.0192534638751694,1.0518601365669886,0.0335102323352443,0.0453696589554599,preprocessing
compas,sex,reweighing,0.6812196812196812,0.6095076400679118,-0.0229490341800941,0.9379954993941492,0.0276998597475456,0.0217279832021338,preprocessing
compas,race,disparate impact remover,0.6687179487179488,0.5720059696631993,-0.1252121729302424,0.662995843907237,-0.1372698746200258,-0.1038792020660792,preprocessing
compas,race,disparate impact remover,0.0107647346910599,0.0212803538607095,0.0341447106028978,0.0711896588343782,0.0482583409314977,0.0354739247816274,preprocessing
compas,sex,disparate impact remover,0.6742896742896742,0.5825932504440497,-0.2367106958762886,0.3731247778172769,-0.2458791208791208,-0.2100629786637358,preprocessing
compas,sex,disparate impact remover,0.6534996534996536,0.5265151515151515,-0.1805527725888915,0.425248451677949,-0.2382896255978888,-0.1644520177495853,preprocessing
compas,sex,disparate impact remover,0.6451836451836452,0.5232774674115456,-0.1417322075719022,0.5567578972751386,-0.1082567439085773,-0.115247348059586,preprocessing
compas,sex,disparate impact remover,0.6805266805266805,0.5994787141615986,-0.2190265893262934,0.438170205745799,-0.1775117126496616,-0.1651924611175016,preprocessing
compas,sex,disparate impact remover,0.6735966735966736,0.5602240896358543,-0.1566719593521753,0.5116988004275704,-0.121384542437174,-0.1213066661467988,preprocessing
compas,sex,disparate impact remover,0.6971586971586972,0.624892703862661,-0.2291597383882053,0.4288181253022035,-0.2268682071774675,-0.1886497773589061,preprocessing
compas,sex,disparate impact remover,0.6763686763686764,0.5663881151346333,-0.1938551921244839,0.4159491006505932,-0.2222222222222222,-0.1668341402515148,preprocessing
compas,sex,disparate impact remover,0.6638946638946639,0.5562671546203111,-0.1558547356686532,0.538002033553635,-0.1981150494311425,-0.1396257169143472,preprocessing
compas,sex,disparate impact remover,0.6722106722106722,0.578806767586821,-0.2438933966700023,0.3518603067804077,-0.2823304569409857,-0.21693584272449,preprocessing
compas,sex,disparate impact remover,0.6846846846846847,0.629780309194467,-0.2728104160050809,0.3963234674087191,-0.2494640779077601,-0.2279034180027372,preprocessing
compas,sex,disparate impact remover,0.6645876645876646,0.5877342419080068,-0.2546466985141115,0.3874569962213073,-0.2996819432771378,-0.2406437810269046,preprocessing
compas,sex,disparate impact remover,0.665973665973666,0.5801393728222997,-0.2368511047921825,0.3915466148227082,-0.3028689736764271,-0.2244257807213673,preprocessing
compas,sex,disparate impact remover,0.6562716562716563,0.5407407407407407,-0.1872390348446218,0.4397268983055533,-0.1482024669073405,-0.1516968618689708,preprocessing
compas,sex,disparate impact remover,0.6507276507276507,0.5571177504393673,-0.1644928105602263,0.5563678745496927,-0.1872703714879039,-0.1450013059625312,preprocessing
compas,sex,disparate impact remover,0.6673596673596673,0.5652173913043478,-0.21554603908173,0.3932586255656108,-0.2224127722994631,-0.1821567773303858,preprocessing
compas,sex,disparate impact remover,0.6715176715176715,0.5871080139372823,-0.1937707238925524,0.4929810879313706,-0.2034902801104225,-0.1626741018038451,preprocessing
compas,sex,disparate impact remover,0.6666666666666666,0.5607305936073059,-0.1559868269148975,0.5399777801670071,-0.1359947280799112,-0.1294845294734077,preprocessing
compas,sex,disparate impact remover,0.668052668052668,0.5937234944868532,-0.2354267869535045,0.4253246753246754,-0.2946382092660072,-0.2137167535329727,preprocessing
compas,sex,disparate impact remover,0.6604296604296604,0.5632798573975044,-0.1810826593660521,0.4987049784452788,-0.1928939458995276,-0.1617476999821498,preprocessing
compas,sex,disparate impact remover,0.647955647955648,0.5567190226876091,-0.1858261240404533,0.5112056601203496,-0.1518534421067697,-0.1561049249316212,preprocessing
compas,sex,disparate impact remover,0.6742896742896742,0.5989761092150171,-0.2560191852230936,0.380928398756763,-0.3110228593568384,-0.2466185093896318,preprocessing
compas,sex,disparate impact remover,0.6694386694386695,0.5848563968668408,-0.1931973543213982,0.4957808958966198,-0.1972727272727272,-0.1664352099231905,preprocessing
compas,sex,disparate impact remover,0.6756756756756757,0.6231884057971014,-0.2749096706250618,0.412084562071497,-0.3177860696517413,-0.2580573630233963,preprocessing
compas,sex,disparate impact remover,0.6694386694386695,0.5862966175195143,-0.2365644102826672,0.3988178356077436,-0.2256615963507924,-0.2119169379621621,preprocessing
compas,sex,disparate impact remover,0.6715176715176715,0.5675182481751825,-0.1798411122144985,0.474310595065312,-0.16483559295621,-0.1469292639403463,preprocessing
adult,race,baseline,0.8537209540382844,0.6612941455321166,-0.0819090144620606,0.5999837084555535,-0.0409313964447044,-0.0361188843625685,base
adult,race,baseline,0.8529020370559934,0.6585887384176765,-0.0908347079230878,0.5565160249586479,-0.0815908970906594,-0.0542489460259581,base
adult,race,baseline,0.8479885351622479,0.6498467342607875,-0.0853039038350815,0.5871173326165142,-0.0765109351312958,-0.0548428458748382,base
adult,race,baseline,0.8545398710205753,0.6588235294117646,-0.0849470925530196,0.5741407633105682,-0.0287061970888995,-0.0293665099597326,base
adult,race,baseline,0.8496263691268298,0.6509859824186267,-0.0817134919568042,0.5976702113577196,-0.0561705046909185,-0.0379901873888733,base
adult,race,baseline,0.8480908997850343,0.6496694995278565,-0.0811405473947362,0.6070316896594482,0.0037485820903434,-0.0152311822544282,base
adult,race,baseline,0.8512642030914116,0.6569067296340024,-0.0811140469628881,0.6066252337848744,-0.0245342947892522,-0.0262022771870622,base
adult,race,baseline,0.8469648889343843,0.6466556369652564,-0.0755252195128899,0.6315875362529588,-0.0769520744920642,-0.0504548979625299,base
adult,race,baseline,0.8472719828027434,0.6474480151228733,-0.083969508864716,0.5924966077640276,-0.0239873636835727,-0.0291724979497754,base
adult,race,baseline,0.847169618179957,0.6520624563038919,-0.08716814289008,0.5893303110807802,-0.077060295709899,-0.051861030227952,base
adult,race,baseline,0.8519807554509161,0.6563688212927757,-0.0873317021680066,0.5723156805160448,-0.0669343432039055,-0.0471492923465887,base
adult,race,baseline,0.8550516941345071,0.6666666666666666,-0.0911286476680137,0.5624262706546748,-0.026673039453566,-0.0280513126744893,base
adult,race,baseline,0.8507523799774798,0.6582278481012658,-0.0829111922240737,0.6037687855333814,-0.0485404728367855,-0.0389828654485953,base
adult,race,baseline,0.8498310983724024,0.6590750639089008,-0.099180258403507,0.5393591326284151,-0.0697221497858624,-0.051820707777741,base
adult,race,baseline,0.8521854846964889,0.6607142857142857,-0.0826325807097911,0.6032117319162241,-0.0207330794530032,-0.0263950064319204,base
adult,race,baseline,0.8548469648889344,0.6647754137115839,-0.0880973888769757,0.5726079248698251,-0.0610875106202208,-0.0417888076575463,base
adult,race,baseline,0.8542327771522162,0.6628787878787878,-0.0885932749570148,0.5710138614734845,-0.0544202047037585,-0.0413065161215609,base
adult,race,baseline,0.8507523799774798,0.657907085875176,-0.0854263193882962,0.5916026729871914,-0.0554101077050538,-0.0413802363490715,base
adult,race,baseline,0.8526973078104207,0.6614914137849919,-0.0950627914370496,0.5449408989448051,-0.0616417212347988,-0.0484121050656503,base
adult,race,baseline,0.8530044016787798,0.6590693257359923,-0.0859604392802818,0.5781719633684652,-0.0616570865839264,-0.0429438183884018,base
adult,race,baseline,0.8490121813901116,0.6549707602339181,-0.087016478659998,0.5873384246975346,-0.0510751819265139,-0.0416450643571625,base
adult,race,baseline,0.8517760262053434,0.6602534021586111,-0.0752010694884845,0.6385833126892926,-0.0273603549270967,-0.0253363742668505,base
adult,race,baseline,0.8477838059166752,0.6488783943329398,-0.0769607078411628,0.6255358082261177,-0.015992893866457,-0.0242928397616948,base
adult,race,baseline,0.8478861705394616,0.6532897806812878,-0.0845032650524915,0.6009780706269947,-0.0381383070797992,-0.0340442219584636,base
adult,race,baseline,0.8437915856280069,0.6439570695286981,-0.0786509490797844,0.62708987190142,-0.0470505733850342,-0.0377700815097642,base
adult,sex,baseline,0.8534138601699253,0.6588851834206765,-0.166457108732099,0.3231506696777232,-0.0738478654106714,-0.0703053148767504,base
adult,sex,baseline,0.852492578564848,0.6582878823808394,-0.1789979993849867,0.2928866539910902,-0.0796775107006327,-0.080770143188128,base
adult,sex,baseline,0.8479885351622479,0.6485207100591716,-0.1808686668486373,0.2850548102440198,-0.1246762530909773,-0.0997137594408193,base
adult,sex,baseline,0.8516736615825571,0.6524346366035021,-0.1815096456053144,0.2677799745395522,-0.1523789461858217,-0.1130982789659605,base
adult,sex,baseline,0.8500358276179752,0.6509411484393616,-0.1732270999722507,0.3002438333424832,-0.1064500110350916,-0.0906816873559261,base
adult,sex,baseline,0.847169618179957,0.6462923477848851,-0.1703509129738638,0.3191221225273036,-0.0792605318816497,-0.0784345407742067,base
adult,sex,baseline,0.8548469648889344,0.6655660377358491,-0.1770304044513253,0.302708225228971,-0.1045953202915228,-0.0884256406435771,base
adult,sex,baseline,0.8469648889343843,0.6453143534994069,-0.1820385602430183,0.281374253355924,-0.1523415223735083,-0.1162563021726064,base
adult,sex,baseline,0.8476814412938888,0.6498823529411764,-0.1679450455380753,0.3295438236645542,-0.0570678534290305,-0.0647226248853241,base
adult,sex,baseline,0.8480908997850343,0.6561631139944393,-0.1783812230016914,0.3117810718817195,-0.0745877624610299,-0.0748854273609605,base
adult,sex,baseline,0.8511618384686253,0.6556134533396495,-0.1778244710820268,0.2958628326282157,-0.1159205760513588,-0.0964953830108841,base
adult,sex,baseline,0.8526973078104207,0.6572993569897594,-0.1712457587979286,0.3081161747761308,-0.0991162476378446,-0.0851530085814781,base
adult,sex,baseline,0.8503429214863343,0.6558380414312618,-0.17241184137346,0.3207540801466064,-0.078906034353514,-0.075109432926265,base
adult,sex,baseline,0.8489098167673252,0.6535211267605633,-0.1852482667529685,0.2787886063110094,-0.1236840598140612,-0.1023023304909899,base
adult,sex,baseline,0.8488074521445389,0.654341212263047,-0.1898999351312952,0.2743588361100627,-0.1055418577007981,-0.0995584849321168,base
adult,sex,baseline,0.8547446002661481,0.6639829505091167,-0.1714759405382023,0.313675695994246,-0.127626440965666,-0.0999428898198605,base
adult,sex,baseline,0.8535162247927116,0.6580645161290322,-0.1735357545122386,0.2979689931095799,-0.0748786905412793,-0.0739933670312468,base
adult,sex,baseline,0.8509571092230526,0.6559546313799622,-0.177568291502944,0.2980183794374212,-0.0884266249137915,-0.0822221656786446,base
adult,sex,baseline,0.8510594738458389,0.6575664862320547,-0.1772427410861689,0.304391727232991,-0.0869931011273766,-0.0816286509619989,base
adult,sex,baseline,0.8539256832838571,0.6604806090887461,-0.162538225422416,0.332865492669188,-0.109375195273174,-0.0850408982257296,base
adult,sex,baseline,0.8490121813901116,0.653349001175088,-0.1810735656107163,0.2943440698641622,-0.0827286192157857,-0.0820779407691785,base
adult,sex,baseline,0.8514689323369843,0.6589894242068155,-0.1733859614347159,0.3189609599646096,-0.0804398967511462,-0.0780318809982937,base
adult,sex,baseline,0.8485003582761798,0.6477867682056164,-0.1619419768080546,0.337528531943005,-0.072295980047268,-0.0707350554398722,base
adult,sex,baseline,0.8477838059166752,0.651348182883939,-0.1630671056706185,0.3521118902903631,-0.0774149553986554,-0.0741589111185462,base
adult,sex,baseline,0.8445081379875116,0.6421672555948175,-0.1730816046844471,0.3135372048933844,-0.0952521518428602,-0.0872875887245897,base
adult,race,reweighing,0.8521854846964889,0.6591123701605288,-0.040395161785757,0.7983395887308035,0.0488203178317246,0.024596332323319,preprocessing
adult,race,reweighing,0.8531067663015662,0.6621144337179186,-0.0544306514926493,0.73237193231297,0.0221544608127849,0.0099413960497849,preprocessing
adult,race,reweighing,0.8498310983724024,0.6570025718961889,-0.0406491898264501,0.8008473627652906,0.0643937707385852,0.0284728999290412,preprocessing
adult,race,reweighing,0.8541304125294298,0.6617612152860195,-0.0473361832525532,0.7619772257077586,0.0689538342397522,0.033082653225404,preprocessing
adult,race,reweighing,0.8493192752584706,0.6541353383458647,-0.0452285425736158,0.7769168650119007,0.0256470871806281,0.0175181018262308,preprocessing
adult,race,reweighing,0.8462483365748797,0.6452527161076996,-0.0456262943271665,0.7729353302099464,0.0927477233936541,0.041647487723728,preprocessing
adult,race,reweighing,0.8537209540382844,0.6685223845975412,-0.0456278036401793,0.781396325910436,0.0722808824791827,0.0352407141134687,preprocessing
adult,race,reweighing,0.8457365134609479,0.6489634288376426,-0.0392970221634403,0.8092041253162093,0.033760046013462,0.0152919792895738,preprocessing
adult,race,reweighing,0.8466577950660252,0.6506529850746269,-0.0494020845669849,0.761084996929092,0.0603384109399341,0.0259178288949222,preprocessing
adult,race,reweighing,0.8475790766711024,0.6552442695068303,-0.062710739708556,0.7037226686219996,-0.0067759456149381,-0.0085538832687497,preprocessing
adult,race,reweighing,0.8505476507319071,0.6591970121381886,-0.0546400108744355,0.7362860586268564,0.0149655518547245,0.005956791201538,preprocessing
adult,race,reweighing,0.8541304125294298,0.6674445740956826,-0.0504251514440304,0.7556386692132714,0.1150418092211951,0.054615166459648,preprocessing
adult,race,reweighing,0.8504452861091207,0.6587245970567625,-0.0455396343502251,0.7783154972410217,0.0485703965100448,0.0224530168277795,preprocessing
adult,race,reweighing,0.8487050875217524,0.6591328413284132,-0.0730155550590537,0.66031541218638,-0.0034605002572469,-0.0089943059361401,preprocessing
adult,race,reweighing,0.8516736615825571,0.6629448709002094,-0.047967780603842,0.7690030841888714,0.0765405920027696,0.033817226505809,preprocessing
adult,race,reweighing,0.8511618384686253,0.6594847775175644,-0.0473262379241128,0.7685291640189748,0.0428160105730199,0.0247157755227742,preprocessing
adult,race,reweighing,0.8519807554509161,0.6592836946277096,-0.0552523233134931,0.7284902143224845,0.0306629881299068,0.0128959355659505,preprocessing
adult,race,reweighing,0.8495240045040434,0.6573426573426574,-0.0495371222503468,0.7605801094932716,0.0596299364816349,0.0265865729539098,preprocessing
adult,race,reweighing,0.8532091309243526,0.6658900279589934,-0.0585176451886392,0.7187614599462147,0.0588260056127222,0.0227884439708908,preprocessing
adult,race,reweighing,0.8537209540382844,0.6652611852892949,-0.0516843694236578,0.7476974862319293,0.0485592626479209,0.0229681591661562,preprocessing
adult,race,reweighing,0.8500358276179752,0.661271676300578,-0.049148608777755,0.7665231523894704,0.0808729886803674,0.0346999391898932,preprocessing
adult,race,reweighing,0.8516736615825571,0.6637270828498492,-0.0426751179313911,0.7949031861080256,0.0983562084069809,0.0449191968909192,preprocessing
adult,race,reweighing,0.8468625243115979,0.645665561345334,-0.0297614806867848,0.8491094740590887,0.1040745652814618,0.0517282589081342,preprocessing
adult,race,reweighing,0.8468625243115979,0.6525777984208083,-0.0426637998049438,0.7945880908929407,0.0707979920373896,0.0349920269570998,preprocessing
adult,race,reweighing,0.8479885351622479,0.6553724762125783,-0.0404240358587867,0.8053484647446413,0.0679688144542529,0.0318983326099604,preprocessing
adult,sex,reweighing,0.846043607329307,0.6396741734547198,-0.080809941888444,0.6239651739143881,0.1437094453248367,0.069483453127163,preprocessing
adult,sex,reweighing,0.8473743474255298,0.6423602782441833,-0.0880358905343747,0.5949218760076666,0.1680788960649988,0.074780135501613,preprocessing
adult,sex,reweighing,0.8421537516634251,0.6316292403248924,-0.0981362297920904,0.557201745769022,0.0911706453843358,0.0383658691369571,preprocessing
adult,sex,reweighing,0.8480908997850343,0.6396308887809616,-0.0907364735816028,0.5728698516010531,0.1254606224019773,0.0555667208552191,preprocessing
adult,sex,reweighing,0.8443034087419388,0.6360373295046662,-0.0853566635697326,0.6060461681396955,0.1671071507393511,0.0738563110965755,preprocessing
adult,sex,reweighing,0.8427679394001433,0.6288061865635572,-0.0929512181971198,0.5688688124453074,0.1222571373775007,0.0490988753554352,preprocessing
adult,sex,reweighing,0.8455317842153751,0.6399427344309233,-0.0936020013938641,0.5764134898647886,0.1134721205146981,0.0490990766446856,preprocessing
adult,sex,reweighing,0.8456341488381616,0.6373256373256373,-0.1030574158225842,0.5335447320130623,0.0810120665362296,0.026600447989688,preprocessing
adult,sex,reweighing,0.8445081379875116,0.6363418721570505,-0.0930440684069059,0.5743508670447105,0.1526400372317604,0.0660678290388878,preprocessing
adult,sex,reweighing,0.8393899068481933,0.6291656818718979,-0.0830171984159865,0.622942336028822,0.157723897882783,0.0765648679915591,preprocessing
adult,sex,reweighing,0.8454294195925888,0.6425189393939394,-0.0794359774650375,0.6384716032622062,0.1672278612791983,0.0786222928918811,preprocessing
adult,sex,reweighing,0.8497287337496161,0.6481303930968361,-0.080444540827179,0.6249949409365338,0.1725360981390413,0.0811670658698523,preprocessing
adult,sex,reweighing,0.8464530658204524,0.6395963479096588,-0.0987402365877728,0.5514015252705893,0.1096978129374229,0.0454957281665315,preprocessing
adult,sex,reweighing,0.8440986794963661,0.6403778040141676,-0.1100094986191866,0.5214550551166693,0.0934745226343914,0.0321938127819791,preprocessing
adult,sex,reweighing,0.8455317842153751,0.6421626748873606,-0.0958176429331491,0.573092312418562,0.1519035489896417,0.0621653661957086,preprocessing
adult,sex,reweighing,0.8475790766711024,0.6426685865130789,-0.0816324977615235,0.6190872441835411,0.1202514479409585,0.0531383334456149,preprocessing
adult,sex,reweighing,0.8482956290306071,0.6459627329192547,-0.0964868400800369,0.564367616400278,0.1607578139238199,0.0694405880364753,preprocessing
adult,sex,reweighing,0.8432797625140751,0.6313508307247772,-0.0939809078787449,0.5670236477303615,0.1414048867496274,0.0606286269478691,preprocessing
adult,sex,reweighing,0.8453270549698024,0.6423668639053254,-0.0985351152750935,0.5641278075492633,0.1315536815432887,0.0549839311114139,preprocessing
adult,sex,reweighing,0.8486027228989661,0.6416283014296099,-0.0776927527085305,0.6270747869990533,0.1243499573002659,0.0603243311913635,preprocessing
adult,sex,reweighing,0.8401064592076978,0.6255992329817833,-0.0812756629267222,0.6216818320380165,0.1678904331143887,0.0788950821429704,preprocessing
adult,sex,reweighing,0.8470672535571706,0.6434367541766111,-0.095050063990155,0.5710170858494467,0.1443986407745842,0.0601632297792345,preprocessing
adult,sex,reweighing,0.8451223257242297,0.6369090472762179,-0.0840360349860184,0.6092473903461504,0.1391762963285665,0.0623875854439544,preprocessing
adult,sex,reweighing,0.8426655747773569,0.6367289056960529,-0.076367641872895,0.6517164587885067,0.147663886694251,0.0690013593787162,preprocessing
adult,sex,reweighing,0.8415395639267069,0.6357647058823529,-0.0894385548945359,0.6027376924874135,0.1462646214963584,0.0626577404007398,preprocessing
adult,race,disparate impact remover,0.8532091309243526,0.6574295269947443,-0.0900385976431855,0.5555814586638017,-0.0746400831952162,-0.0547818823053489,preprocessing
adult,race,disparate impact remover,0.8531067663015662,0.6566164154103852,-0.0937909074975869,0.5361077238301437,-0.0904306809581639,-0.0598398032601295,preprocessing
adult,race,disparate impact remover,0.8476814412938888,0.6472261735419631,-0.0997403817155053,0.5164085294358247,-0.124892662913844,-0.0829401980405336,preprocessing
adult,race,disparate impact remover,0.8538233186610708,0.6593511450381679,-0.094731837544553,0.5348767199005073,-0.0642765369519686,-0.0495017499414322,preprocessing
adult,race,disparate impact remover,0.8509571092230526,0.6570890249646726,-0.0928605650745723,0.5545561566645943,-0.084130604071643,-0.0554455139357153,preprocessing
adult,race,disparate impact remover,0.846043607329307,0.6507199256850906,-0.0991932622280169,0.5415349277534697,-0.0427715760794665,-0.04454067723765,preprocessing
adult,race,disparate impact remover,0.8550516941345071,0.6596153846153846,-0.0826480198280442,0.5841615350610737,-0.0506867542278307,-0.0376938363964352,preprocessing
adult,race,disparate impact remover,0.8443034087419388,0.6418648457734872,-0.0928188671283318,0.5563364839618758,-0.1245355904801878,-0.0798927228110743,preprocessing
adult,race,disparate impact remover,0.8491145460128979,0.6521944313355356,-0.0995459655199452,0.5235484790701531,-0.0650597195776354,-0.0546969871874522,preprocessing
adult,race,disparate impact remover,0.8455317842153751,0.6373467916366259,-0.0800892373216456,0.5954046119401685,-0.0738476011288805,-0.0477293980303564,preprocessing
adult,race,disparate impact remover,0.8517760262053434,0.6549094375595805,-0.0940897946443405,0.5386779028019989,-0.0991924077200346,-0.0643551508111523,preprocessing
adult,race,disparate impact remover,0.8533114955471389,0.6552802501804185,-0.0896609469287706,0.5488497382979283,-0.0471326116802454,-0.0368403032281621,preprocessing
adult,race,disparate impact remover,0.8502405568635479,0.6563307493540053,-0.0910017325783413,0.565600400333394,-0.0702201741130302,-0.0526850377762643,preprocessing
adult,race,disparate impact remover,0.8501381922407616,0.6659059790050207,-0.11697685188752,0.4822599589291262,-0.1273384218897197,-0.0851709153699282,preprocessing
adult,race,disparate impact remover,0.8512642030914116,0.6580371852200517,-0.0950647070608969,0.5458623136976579,-0.0624891812359356,-0.0508527899333459,preprocessing
adult,race,disparate impact remover,0.8530044016787798,0.6662017666201766,-0.1118610359200775,0.4841724192976303,-0.1288822807514396,-0.0833087841079356,preprocessing
adult,race,disparate impact remover,0.8530044016787798,0.6621176470588236,-0.0972933580806413,0.5378007616409901,-0.0676825218413119,-0.0518638671782616,preprocessing
adult,race,disparate impact remover,0.8489098167673252,0.6546560598970519,-0.1035551923332289,0.5138191166452837,-0.0849908864954432,-0.0643992844909274,preprocessing
adult,race,disparate impact remover,0.8523902139420616,0.661661191928672,-0.1015448813056379,0.5185618317388857,-0.0744480823199251,-0.057438358415794,preprocessing
adult,race,disparate impact remover,0.8526973078104207,0.6616505995767693,-0.0985324288675202,0.5301835265279405,-0.0923203356171878,-0.0625879408214174,preprocessing
adult,race,disparate impact remover,0.8481932644078206,0.663031129288798,-0.1145062923540115,0.4972072627902678,-0.1292998118781797,-0.0886231874500598,preprocessing
adult,race,disparate impact remover,0.8513665677141979,0.6549429657794678,-0.0808964448486803,0.6022551642525604,-0.0624127446540775,-0.0433055858781579,preprocessing
adult,race,disparate impact remover,0.8438939502507933,0.6426060464026249,-0.10117662075254,0.5235719328046021,-0.1150571437927759,-0.0786149989723778,preprocessing
adult,race,disparate impact remover,0.8473743474255298,0.6587319752803845,-0.1051063458666288,0.529279367249292,-0.0919465120304655,-0.067443510855478,preprocessing
adult,race,disparate impact remover,0.8450199611014434,0.6522737712448324,-0.1015589208129647,0.540920650634078,-0.123892418117317,-0.0814209451727287,preprocessing
adult,sex,disparate impact remover,0.8533114955471389,0.6575866188769415,-0.1667624430326229,0.3185037638779818,-0.0703071471506815,-0.0692873174247926,preprocessing
adult,sex,disparate impact remover,0.8533114955471389,0.6595390829175577,-0.1877987058559592,0.264426562552038,-0.1242389753531481,-0.1044095711665596,preprocessing
adult,sex,disparate impact remover,0.8472719828027434,0.6352078239608803,-0.2106276010948161,0.1541257641536193,-0.3048787633747026,-0.1957947408984618,preprocessing
adult,sex,disparate impact remover,0.8495240045040434,0.6334164588528679,-0.1948905202452286,0.1744397013019087,-0.2743287271093135,-0.1752412889164101,preprocessing
adult,sex,disparate impact remover,0.8495240045040434,0.6461242176215696,-0.1726659582548445,0.2893421227270716,-0.1168423085411609,-0.0955041010451699,preprocessing
adult,sex,disparate impact remover,0.8442010441191524,0.6360593017694883,-0.2170003258527848,0.1715347229382181,-0.2845187274431779,-0.1929320591397105,preprocessing
adult,sex,disparate impact remover,0.8502405568635479,0.6423857247616721,-0.2042535552153186,0.1755053571910506,-0.270717299578059,-0.1778989456204406,preprocessing
adult,sex,disparate impact remover,0.8455317842153751,0.6307805236114509,-0.2132280694734712,0.1494481804397696,-0.3189852623987499,-0.2062953465929472,preprocessing
adult,sex,disparate impact remover,0.8448152318558706,0.6192867905575087,-0.1803330002453579,0.2059316785182665,-0.2038278903699178,-0.1389921626035701,preprocessing
adult,sex,disparate impact remover,0.8451223257242297,0.635157945502773,-0.1600978735342429,0.321848613249421,-0.0622175061663473,-0.0625935554408413,preprocessing
adult,sex,disparate impact remover,0.8483979936533934,0.635849520531104,-0.1970926721899786,0.1893970579765771,-0.2628640987268745,-0.1722277748770706,preprocessing
adult,sex,disparate impact remover,0.8538233186610708,0.6609686609686609,-0.1727795937618728,0.3070740845869997,-0.1116465100659133,-0.0906779715633957,preprocessing
adult,sex,disparate impact remover,0.8481932644078206,0.6342786683107275,-0.2024706512437056,0.1710115514309329,-0.2672002264266208,-0.1757096870956851,preprocessing
adult,sex,disparate impact remover,0.8488074521445389,0.6528789659224442,-0.1886935359195519,0.2671049773201159,-0.1359150162193436,-0.1096274584240494,preprocessing
adult,sex,disparate impact remover,0.8487050875217524,0.6410879067508499,-0.1660390976928715,0.3018835089884185,-0.0753350314145016,-0.0751132951968826,preprocessing
adult,sex,disparate impact remover,0.8492169106356843,0.6416930187302359,-0.2069566419980519,0.1726803680567771,-0.3184899108070965,-0.2027515770337469,preprocessing
adult,sex,disparate impact remover,0.8533114955471389,0.656272487407052,-0.1738303234180304,0.2923711708979049,-0.0770001822489521,-0.0754071407003946,preprocessing
adult,sex,disparate impact remover,0.8451223257242297,0.6276150627615062,-0.2074359682348637,0.1553559794359295,-0.2863298046992057,-0.1877214603373072,preprocessing
adult,sex,disparate impact remover,0.8500358276179752,0.6360248447204969,-0.1865411743067433,0.2061324910307526,-0.1998396531757579,-0.1383826989725632,preprocessing
adult,sex,disparate impact remover,0.8509571092230526,0.6472868217054263,-0.2034866653279401,0.1835793366781731,-0.2843066326920273,-0.1843401086865738,preprocessing
adult,sex,disparate impact remover,0.8480908997850343,0.6506591337099812,-0.1873681256548926,0.2737254557948448,-0.1122251902322359,-0.0986320538089349,preprocessing
adult,sex,disparate impact remover,0.8502405568635479,0.6568144499178981,-0.1792046731396397,0.3037017466318916,-0.0985193373776098,-0.089307644238809,preprocessing
adult,sex,disparate impact remover,0.8477838059166752,0.6345539444580979,-0.1591433110251141,0.3078007650285815,-0.1098625526863216,-0.0868860962877973,preprocessing
adult,sex,disparate impact remover,0.8452246903470161,0.6340755082284607,-0.2043124523738575,0.1887337156503571,-0.277416010583504,-0.1841280886800237,preprocessing
adult,sex,disparate impact remover,0.8463507011976661,0.6433832264195771,-0.1680542191793672,0.3190584295797704,-0.084233612888987,-0.0796889006227712,preprocessing
adult,race,equalized odds postprocessing,0.8463507011976661,0.6390959365232026,-0.0488777419817244,0.7476572724521159,-0.0095625751519287,-0.0052578177409296,postprocessing
adult,race,equalized odds postprocessing,0.8459412427065206,0.6393481907500599,-0.0586641922653435,0.7013426744195974,-0.0468213738845767,-0.0224190813192202,postprocessing
adult,race,equalized odds postprocessing,0.8388780837342614,0.6212704523580366,-0.0485932773416437,0.7479916109768234,-0.03041906518674,-0.0162893000354266,postprocessing
adult,race,equalized odds postprocessing,0.8480908997850343,0.6376953125,-0.0521225967836721,0.7221572318507194,0.0229420771952055,0.0094646781853415,postprocessing
adult,race,equalized odds postprocessing,0.8421537516634251,0.6284337349397591,-0.0460557836213166,0.760138046170969,-0.0198529684429116,-0.0037916955486691,postprocessing
adult,race,equalized odds postprocessing,0.8418466577950661,0.6286950252343186,-0.0464521690207049,0.7600501213186859,0.0557283550127744,0.0248326527653279,postprocessing
adult,race,equalized odds postprocessing,0.8435868563824342,0.6319845857418113,-0.045180533293074,0.7651515315022099,0.0278178384410678,0.0144508048089783,postprocessing
adult,race,equalized odds postprocessing,0.8434844917596479,0.6394718226833295,-0.0451788811856362,0.7758038455722336,-0.0439576240886692,-0.0193925465844852,postprocessing
adult,race,equalized odds postprocessing,0.8418466577950661,0.6313528990694345,-0.0526461657432869,0.733191276524313,0.0083001557902024,0.0014072327128194,postprocessing
adult,race,equalized odds postprocessing,0.8389804483570478,0.6282202788938785,-0.0513747476038206,0.744467002725006,-0.0233852216049272,-0.0106164846112014,postprocessing
adult,race,equalized odds postprocessing,0.8444057733647251,0.6344396344396344,-0.0551062858600453,0.7164796890359172,-0.0224635366762483,-0.0115834134881673,postprocessing
adult,race,equalized odds postprocessing,0.8475790766711024,0.644205495818399,-0.0572481695775876,0.7095070235745963,0.0107004294315457,0.0053994610563072,postprocessing
adult,race,equalized odds postprocessing,0.8425632101545706,0.6320574162679427,-0.0468023045543813,0.7603172065415768,0.0056577116512096,0.002460236838541,postprocessing
adult,race,equalized odds postprocessing,0.8442010441191524,0.6433926897844424,-0.0665677087212253,0.6785248022886152,-0.0376990140041019,-0.0206669793034673,postprocessing
adult,race,equalized odds postprocessing,0.8438939502507933,0.6333253185861986,-0.0469788373443448,0.7568154302175093,0.0364246148519993,0.0158233970081219,postprocessing
adult,race,equalized odds postprocessing,0.8492169106356843,0.6506995494427318,-0.0561876436701235,0.7194631219613116,-0.0010573019918814,0.0006207954406129,postprocessing
adult,race,equalized odds postprocessing,0.8463507011976661,0.6392694063926941,-0.0523852088745451,0.7307621243637678,-0.0064076363698292,-0.002118436262779,postprocessing
adult,race,equalized odds postprocessing,0.8426655747773569,0.6339604667778043,-0.0503530052745282,0.7453141950736701,-0.0116674951670809,-0.0045875829495671,postprocessing
adult,race,equalized odds postprocessing,0.8436892210052206,0.6328444337581149,-0.0591233926805143,0.6960862822859466,-0.0140785781103834,-0.0100068956493292,postprocessing
adult,race,equalized odds postprocessing,0.8456341488381616,0.6366265060240964,-0.0512205333187184,0.7340642557137402,-0.0248616533616429,-0.009077342779831,postprocessing
adult,race,equalized odds postprocessing,0.8438939502507933,0.6410920216521535,-0.0566011192655764,0.7222789473968547,-0.0129896716164469,-0.0090954209046209,postprocessing
adult,race,equalized odds postprocessing,0.8447128672330843,0.6375149342891279,-0.0391488986696241,0.7990903621911519,0.0218573989403105,0.0143239718967136,postprocessing
adult,race,equalized odds postprocessing,0.8403111884532706,0.626257786296119,-0.043558577009678,0.7758845296537255,0.0301765071880013,0.0126528031474836,postprocessing
adult,race,equalized odds postprocessing,0.8390828129798341,0.6260704091341579,-0.0476357195987847,0.7593977796885125,0.0065431885061451,0.003909809304679,postprocessing
adult,race,equalized odds postprocessing,0.8377520728836114,0.6264435540890879,-0.0448057788898342,0.7777036312068901,-0.0035681874432802,-0.0012561345001665,postprocessing
adult,sex,equalized odds postprocessing,0.8280274337189067,0.6074766355140188,-0.085120821037241,0.6253302603431783,0.0008939367826963,0.0037357103932947,postprocessing
adult,sex,equalized odds postprocessing,0.8248541304125294,0.5948377930381246,-0.0854530592702871,0.6150435158152081,0.0416426152019777,0.0179534589972931,postprocessing
adult,sex,equalized odds postprocessing,0.8259801412631794,0.6095544327055582,-0.1057964679313536,0.5616620359092583,-0.0449085305113149,-0.0255313494263353,postprocessing
adult,sex,equalized odds postprocessing,0.8229092025795884,0.5884871550903901,-0.0882693759991245,0.5995299549900444,-0.0475115155600494,-0.0211987280350376,postprocessing
adult,sex,equalized odds postprocessing,0.8240352134302386,0.5939050318922751,-0.0857493680644541,0.6143047681282463,0.0069300375193114,0.0021477106922862,postprocessing
adult,sex,equalized odds postprocessing,0.8220902855972976,0.5914433474377058,-0.0870491099999296,0.61394315941812,-1.0729369099626853e-05,-0.001964686112649,postprocessing
adult,sex,equalized odds postprocessing,0.8320196540075749,0.6211036712075734,-0.0958122018016273,0.5940933235726495,-0.0157380479129616,-0.007628244039519,postprocessing
adult,sex,equalized odds postprocessing,0.8222950148428703,0.5953379953379954,-0.0990937250540516,0.5749193778435325,-0.0661716292828857,-0.0363159762104046,postprocessing
adult,sex,equalized odds postprocessing,0.8224997440884431,0.5956156716417911,-0.0847535821261159,0.6270502465666972,0.0257175476486544,0.0130583491372636,postprocessing
adult,sex,equalized odds postprocessing,0.8285392568328386,0.6181901071347162,-0.0993494747932354,0.5883298815004181,0.0063134632961474,0.0019544972390082,postprocessing
adult,sex,equalized odds postprocessing,0.8265943289998976,0.6021606387975574,-0.0906425114575594,0.6006314328855662,-0.0227324484351616,-0.0117171618975,postprocessing
adult,sex,equalized odds postprocessing,0.8275156106049749,0.602312957281095,-0.0839651844423922,0.6223594844644099,-0.0012469703163258,0.0014437234901137,postprocessing
adult,sex,equalized odds postprocessing,0.8256730473948204,0.6060606060606061,-0.0920869311191384,0.6070349771054587,-0.000888332163369,-0.0002555330341739,postprocessing
adult,sex,equalized odds postprocessing,0.8249564950353158,0.6039833256137102,-0.1039073408981286,0.5604586265469547,-0.0349850288629425,-0.0224454073366261,postprocessing
adult,sex,equalized odds postprocessing,0.8193264407820657,0.5844125264892867,-0.0921653918686852,0.5927167445040955,0.0125508575309899,-0.000657397405958,postprocessing
adult,sex,equalized odds postprocessing,0.8325314771215068,0.6191806331471136,-0.0880032696123805,0.6167542734959169,-0.0177139987308211,-0.009241156941536,postprocessing
adult,sex,equalized odds postprocessing,0.8284368922100522,0.6026552868658132,-0.0880855109730915,0.60312651540071,0.0251532030253326,0.0122544797676564,postprocessing
adult,sex,equalized odds postprocessing,0.826696693622684,0.6049008168028005,-0.0953247194590959,0.5873692920625192,-0.0153074758006815,-0.008493574627678,postprocessing
adult,sex,equalized odds postprocessing,0.8220902855972976,0.5885416666666666,-0.0813525159953667,0.6305925878703059,0.0238045748334669,0.0132112667847452,postprocessing
adult,sex,equalized odds postprocessing,0.8296652676834886,0.6121212121212122,-0.0809044053663807,0.642111879746573,-0.0356497649778864,-0.0106995371472827,postprocessing
adult,sex,equalized odds postprocessing,0.8234210256935203,0.5981830887491264,-0.0984749630167192,0.5772782075379859,0.0074931499189174,-0.001736194543912,postprocessing
adult,sex,equalized odds postprocessing,0.8292558091923431,0.6128133704735376,-0.0917107596188897,0.6055889627803422,-0.0004928281255105,-0.0010626700158245,postprocessing
adult,sex,equalized odds postprocessing,0.8237281195618794,0.5957746478873239,-0.0802498468836639,0.6406632969904205,0.0063768147510808,0.0050356937778882,postprocessing
adult,sex,equalized odds postprocessing,0.8230115672023749,0.6026200873362446,-0.082838388984416,0.6455540857918609,-0.0065566548529929,-0.001948960249875,postprocessing
adult,sex,equalized odds postprocessing,0.8215784624833657,0.5932322053675613,-0.0878206614487704,0.615138866003918,0.0159484661222687,0.0043261622534419,postprocessing
compas,race,equalized odds postprocessing,0.6382813582813582,0.5111583514387056,-0.0274323298864011,0.9105374554557686,-0.0083222517892421,-0.006698061136477,postprocessing
compas,race,equalized odds postprocessing,0.0113492837250794,0.0143425782977869,0.0250280929670453,0.0840504395031985,0.039644213586191,0.0245864780275837,postprocessing
compas,sex,equalized odds postprocessing,0.6174636174636174,0.4390243902439024,-0.0488795819014891,0.7974486390269229,-0.0178571428571428,-0.0258140835091912,postprocessing
compas,sex,equalized odds postprocessing,0.6105336105336105,0.4357429718875502,-0.0737859622134173,0.7085577880466695,-0.0765297707405575,-0.0551722081933228,postprocessing
compas,sex,equalized odds postprocessing,0.6077616077616078,0.4140786749482402,0.0008674531575294,1.0039640591966172,0.0624522287056542,0.0258072396421845,postprocessing
compas,sex,equalized odds postprocessing,0.6375606375606375,0.4754262788365095,-0.0467227323120647,0.8127868450116579,0.0136387298282144,-0.0005944046138044,postprocessing
compas,sex,equalized odds postprocessing,0.6216216216216216,0.4252631578947368,-0.012451571927596,0.9407668137047556,0.0551920341394025,0.0187996344480343,postprocessing
compas,sex,equalized odds postprocessing,0.6382536382536382,0.4662576687116564,-0.0240734582270997,0.8962166467542811,-0.0454431381633559,-0.0032489290930152,postprocessing
compas,sex,equalized odds postprocessing,0.6361746361746362,0.4648318042813456,-0.0571641791044776,0.7618159203980099,-0.046031746031746,-0.0306937756375958,postprocessing
compas,sex,equalized odds postprocessing,0.6174636174636174,0.4457831325301205,-0.0105077146409736,0.9565481693494255,-0.0597433485383646,-0.003914791104845,postprocessing
compas,sex,equalized odds postprocessing,0.625086625086625,0.4584584584584584,-0.0670370013141555,0.737305852477411,-0.0723345109167776,-0.0442090088962491,postprocessing
compas,sex,equalized odds postprocessing,0.6202356202356203,0.4396728016359918,-0.0271165449348999,0.8832895959761632,0.0560421387885098,0.0144481448284801,postprocessing
compas,sex,equalized odds postprocessing,0.5980595980595981,0.3958333333333333,-0.0339145980481228,0.847117264704328,-0.0431766121191147,-0.0250955962444791,postprocessing
compas,sex,equalized odds postprocessing,0.6167706167706167,0.4385786802030457,-0.0294706243706579,0.8759909927915684,-0.0668811002661934,-0.0209924953766987,postprocessing
compas,sex,equalized odds postprocessing,0.6188496188496189,0.4410569105691057,-0.0647747847614824,0.7345146145691352,-0.0128234055354993,-0.0348270033141977,postprocessing
compas,sex,equalized odds postprocessing,0.6091476091476091,0.437125748502994,0.0010214504596527,1.0041908446163763,-0.031185104985712,0.0103637316601494,postprocessing
compas,sex,equalized odds postprocessing,0.6195426195426196,0.4504504504504504,-0.0624529060129602,0.7537631214101802,-0.0413425614013597,-0.0345181868173228,postprocessing
compas,sex,equalized odds postprocessing,0.6223146223146223,0.4444444444444445,0.016532543496889,1.0730813570487483,0.0728943456690024,0.0503815990640094,postprocessing
compas,sex,equalized odds postprocessing,0.6001386001386001,0.3919915700737618,0.0094392932226664,1.045966978340632,0.0751595449500554,0.0326377792348706,postprocessing
compas,sex,equalized odds postprocessing,0.623007623007623,0.4708171206225681,-0.0517194849255917,0.8094460227272727,-0.1034877667881312,-0.0398337056057737,postprocessing
compas,sex,equalized odds postprocessing,0.5980595980595981,0.3983402489626556,0.0036796101873712,1.0169638721630383,0.0682696436238729,0.0260713717127956,postprocessing
compas,sex,equalized odds postprocessing,0.6084546084546084,0.4216990788126918,0.0170068234434019,1.0761695567349276,0.054350937455274,0.0392814160789532,postprocessing
compas,sex,equalized odds postprocessing,0.6181566181566182,0.433710174717369,-0.0358979089058948,0.8446673189823874,-0.059343923543846,-0.0291516656175101,postprocessing
compas,sex,equalized odds postprocessing,0.6160776160776161,0.4568627450980392,-0.0068359014152163,0.9734767025089606,0.0372727272727272,0.018909324166271,postprocessing
compas,sex,equalized odds postprocessing,0.6202356202356203,0.4408163265306122,0.0300748817427023,1.1352185627959297,0.0437941869599371,0.0467995837289934,postprocessing
compas,sex,equalized odds postprocessing,0.6153846153846154,0.4376899696048632,-0.0314917610035403,0.8685218978102189,-0.0026268614330594,-0.0128401037764571,postprocessing
compas,sex,equalized odds postprocessing,0.6181566181566182,0.4348717948717948,-0.0355223115610084,0.8467205750224619,-0.0127395979429639,-0.0124764556934659,postprocessing
compas,race,reject option classification,0.6641718641718641,0.6402948550648283,-0.0452412437381101,0.909324794978474,-0.0618731003805732,-0.0223006106535047,postprocessing
compas,race,reject option classification,0.0131502854193298,0.0169514419134851,0.0394936082193498,0.0814159295673671,0.0406580255347113,0.0365241044081783,postprocessing
compas,sex,reject option classification,0.6735966735966736,0.6317435496481627,-0.0854274054982817,0.8114705533831024,-0.0645604395604395,-0.0499775777513109,postprocessing
compas,sex,reject option classification,0.6632016632016632,0.6203124999999999,-0.0624293036694223,0.8606256944544655,-0.0070509648688767,-0.0134295269312705,postprocessing
compas,sex,reject option classification,0.6645876645876646,0.6299694189602447,-0.0203176806230241,0.9558034216705804,0.0668518483995451,0.0227842682146182,postprocessing
compas,sex,reject option classification,0.6645876645876646,0.6338880484114977,-0.0259002456189781,0.9449797341695564,0.0434148880791255,0.0368469169141397,postprocessing
compas,sex,reject option classification,0.6777546777546778,0.6403712296983759,-0.0477516671959352,0.8949284476493935,0.0060692271218586,-0.0042048046751325,postprocessing
compas,sex,reject option classification,0.6826056826056826,0.6587183308494784,-0.0035380408676052,0.9926327735780098,-0.0030115248740372,0.0383960993546237,postprocessing
compas,sex,reject option classification,0.683991683991684,0.6454121306376361,-0.0234645919339472,0.9472831825575754,0.0327380952380952,0.028660086259771,postprocessing
compas,sex,reject option classification,0.6562716562716563,0.6265060240963856,-0.0222251486882966,0.953129541241741,-0.0913721801174988,-0.0087764344453393,postprocessing
compas,sex,reject option classification,0.6694386694386695,0.6305189775367932,-0.0586698093871694,0.8713049342474992,0.0221810389760814,1.5359857729047022e-05,postprocessing
compas,sex,reject option classification,0.6694386694386695,0.6410835214446952,-0.0463131152746904,0.9033429654569072,-0.0267858965721402,-0.0017474060912916,postprocessing
compas,sex,reject option classification,0.6673596673596673,0.6296296296296297,-0.0820784853902288,0.823346116970278,-0.0635124668347588,-0.0547514325638943,postprocessing
compas,sex,reject option classification,0.6701316701316701,0.6344086021505376,-0.0938709207551471,0.7999919038719733,-0.1594202898550725,-0.0779849047101653,postprocessing
compas,sex,reject option classification,0.6458766458766458,0.6195085629188385,-0.0977072017145179,0.8042492550848556,-0.0787078820697955,-0.0639441049693239,postprocessing
compas,sex,reject option classification,0.6548856548856549,0.6053882725832014,-0.0056572640842303,0.9866962305986696,-0.0292149589109175,0.0170865096155794,postprocessing
compas,sex,reject option classification,0.6625086625086625,0.6362957430918595,-0.044733008489476,0.9079396257624316,-0.0135154447642963,0.0025639348013511,postprocessing
compas,sex,reject option classification,0.668052668052668,0.6189339697692919,-0.0004470772325919,0.9989373948463648,0.0294009768151194,0.0420228927791444,postprocessing
compas,sex,reject option classification,0.6604296604296604,0.6189735614307931,0.0255471569711626,1.058631989959559,0.0574361820199778,0.0561639665923402,postprocessing
compas,sex,reject option classification,0.6632016632016632,0.632930513595166,-0.0663408898141722,0.8615647626709574,-0.0648620510150962,-0.0272356767549777,postprocessing
compas,sex,reject option classification,0.656964656964657,0.624715693707354,-0.0367144722961771,0.9219734173161098,-0.0541004723057105,-0.0161730763001501,postprocessing
compas,sex,reject option classification,0.6417186417186417,0.6074411541381929,0.0184111124649689,1.040144530938654,0.0840847287820237,0.0565676957021735,postprocessing
compas,sex,reject option classification,0.6652806652806653,0.6403574087862993,-0.013880128060174,0.9712661377747116,-0.0812023763399198,-0.005442060425743,postprocessing
compas,sex,reject option classification,0.6687456687456688,0.6367781155015197,-0.0300779662269519,0.935641998734978,-0.0172727272727272,0.0030736430966627,postprocessing
compas,sex,reject option classification,0.6784476784476784,0.6375,0.0192528117017996,1.0445075120717715,-0.0165619272060748,0.0394767533451279,postprocessing
compas,sex,reject option classification,0.6493416493416494,0.6172465960665657,0.0017982803943728,1.0038643194504078,-0.0190624944534176,0.0205593866462908,postprocessing
compas,sex,reject option classification,0.6777546777546778,0.6259050683829445,-0.0226575263478232,0.9454180653625036,-0.0007402212872058,0.0162483864662236,postprocessing
compas,race,adversial debiasing,0.6793347193347193,0.6130891838940706,-0.0783878768578976,0.8154617977614349,-0.0856620483325084,-0.0536131538417676,inprocessing
compas,race,adversial debiasing,0.0129857062879524,0.0170620617035825,0.0693507866390382,0.1636945514881579,0.0731115561237776,0.0696884465902122,inprocessing
compas,sex,adversial debiasing,0.6826056826056826,0.6131756756756758,-0.0804427978235967,0.7917525773195877,-0.0695970695970695,-0.0464291096207228,inprocessing
compas,sex,adversial debiasing,0.6770616770616771,0.619281045751634,-0.0709742681515858,0.827173998583458,-0.0555418109846611,-0.0287884758474211,inprocessing
compas,sex,adversial debiasing,0.6583506583506583,0.576824034334764,-0.0891067160151129,0.7612345041322315,-0.0501854924404839,-0.0580747056241179,inprocessing
compas,sex,adversial debiasing,0.6832986832986833,0.6022628372497824,-0.0582104728012201,0.8370106761565835,0.0237376366475794,0.0091041446151102,inprocessing
compas,sex,adversial debiasing,0.693000693000693,0.6157849089332176,-0.0339980946332169,0.9042020115251084,0.013750592697961,0.0095090834084621,inprocessing
compas,sex,adversial debiasing,0.7006237006237006,0.6288659793814433,-0.0638972028230425,0.8266285685640523,-0.0422385668230342,-0.0166020915105765,inprocessing
compas,sex,adversial debiasing,0.6805266805266805,0.6211996713229252,-0.0105652588123213,0.973245303654143,0.0214285714285713,0.0345335969411058,inprocessing
compas,sex,adversial debiasing,0.6625086625086625,0.5931495405179615,0.0551570797679789,1.149748894136429,0.0086082959123906,0.0727703944164127,inprocessing
compas,sex,adversial debiasing,0.6777546777546778,0.6001719690455718,-0.0958218294491398,0.7441800580988324,-0.0368139611204416,-0.042704349026565,inprocessing
compas,sex,adversial debiasing,0.6853776853776854,0.6178451178451179,-0.0179612575420768,0.9522523130951576,0.024928033319042,0.0338322324541261,inprocessing
compas,sex,adversial debiasing,0.683991683991684,0.6180904522613065,-0.1240965974033586,0.6917774316120484,-0.0980043176612119,-0.0942146410496671,inprocessing
compas,sex,adversial debiasing,0.6784476784476784,0.6264090177133657,-0.1661336390062253,0.623473181093999,-0.2000517598343685,-0.1439184355291509,inprocessing
compas,sex,adversial debiasing,0.6638946638946639,0.6085552865213882,-0.1372168643535454,0.6843469760720812,-0.0938628158844765,-0.0963849598548065,inprocessing
compas,sex,adversial debiasing,0.6652806652806653,0.5991701244813278,0.0043608077315942,1.0113636363636365,-0.0023606254770061,0.0316065725073985,inprocessing
compas,sex,adversial debiasing,0.6777546777546778,0.6147473073736537,-0.1268178278997337,0.6906173406862745,-0.1281517323043629,-0.0866087608890235,inprocessing
compas,sex,adversial debiasing,0.6867636867636867,0.6195286195286196,-0.0667635334003949,0.8268599033816425,-0.0332812107874366,-0.0210121900931718,inprocessing
compas,sex,adversial debiasing,0.674982674982675,0.5953408110440035,-0.0490010815540351,0.864780348759222,-0.0142203107658157,-0.0172955943159489,inprocessing
compas,sex,adversial debiasing,0.6548856548856549,0.5891089108910891,-0.1614233942478217,0.6147405226352595,-0.1716814159292035,-0.1301194552577431,inprocessing
compas,sex,adversial debiasing,0.656964656964657,0.5829823083403538,-0.0553731099613201,0.8552635898109244,-0.0615786460569628,-0.0343300651680339,inprocessing
compas,sex,adversial debiasing,0.6652806652806653,0.6044226044226044,-0.0219081272084805,0.9452296819787986,0.0243666809789609,0.0153836077050223,inprocessing
compas,sex,adversial debiasing,0.6701316701316701,0.5824561403508772,-0.0779459195696416,0.780646079646314,-0.107548753713031,-0.0649722551532593,inprocessing
compas,sex,adversial debiasing,0.6756756756756757,0.5986277873070326,-0.0656154158814618,0.822792705136841,0.0036363636363636,-0.0223388250786208,inprocessing
compas,sex,adversial debiasing,0.6909216909216909,0.6108202443280977,-0.07750289461282,0.7846513244578089,-0.067916993977481,-0.0494541642025207,inprocessing
compas,sex,adversial debiasing,0.6798336798336798,0.6030927835051546,-0.083791749139885,0.7748217132309757,-0.0763742212598285,-0.0573809956640429,inprocessing
compas,sex,adversial debiasing,0.6604296604296604,0.611111111111111,0.2541275587019893,1.6757613186251543,0.2216767960105968,0.2805661623163183,inprocessing
adult,race,adversial debiasing,0.7979322346197154,0.4343839541547278,0.0275750533582856,1.2422873610085308,0.114612784764876,0.0774465749654053,inprocessing
adult,race,adversial debiasing,0.8006960794349472,0.4416403785488959,-0.0124457746354856,0.8957978768219732,0.0901226745516306,0.0465268467605085,inprocessing
adult,race,adversial debiasing,0.8384686252431159,0.5877742946708464,0.0144121364693741,1.09574345119394,0.1819101230798587,0.1032505663060854,inprocessing
adult,race,adversial debiasing,0.8495240045040434,0.6269035532994923,-0.0358656436977785,0.7880851371308435,0.0563695724871077,0.0315459652112197,inprocessing
adult,race,adversial debiasing,0.7937352850854744,0.4273941460642227,0.0182541939397699,1.1542957824445272,0.1302008009789743,0.0810773730487514,inprocessing
adult,race,adversial debiasing,0.8401064592076978,0.5994871794871794,-0.016613506727629,0.8976938283783018,0.1412778678879242,0.0745737809946284,inprocessing
adult,race,adversial debiasing,0.8455317842153751,0.6153453989293909,-0.0192856064482665,0.883191545223818,0.1074984977251266,0.0603799579720738,inprocessing
adult,race,adversial debiasing,0.8228068379568021,0.4916299559471365,0.0157000282537244,1.146880916744911,0.1178123396912745,0.0721068331955543,inprocessing
adult,race,adversial debiasing,0.8116490940730884,0.498090561920349,-0.013724965322561,0.9004940014114327,0.0954604465985806,0.0502359886942867,inprocessing
adult,race,adversial debiasing,0.8372402497696796,0.5945945945945945,0.0115840555800141,1.0721722809019305,0.1414694971511741,0.0905682242374145,inprocessing
adult,race,adversial debiasing,0.8214760978605794,0.5065082059988681,-0.0147132958433812,0.8818971247990376,0.0606074432328025,0.0366659714448573,inprocessing
adult,race,adversial debiasing,0.7968062237690654,0.4111539602491842,0.0115367010561834,1.1107918845429827,0.1447362324636593,0.0836087975182202,inprocessing
adult,race,adversial debiasing,0.7998771624526564,0.4387022681596325,-0.0301711049059467,0.7517484701544128,0.0139059584445674,0.0031748040692912,inprocessing
adult,race,adversial debiasing,0.8481932644078206,0.6322836598065956,-0.0209431308547621,0.8813411517065103,0.0850136611059035,0.0551634941710533,inprocessing
adult,race,adversial debiasing,0.8108301770907974,0.5024232633279484,0.0045921468617669,1.0327562694235255,0.1720270036351047,0.0920120163173262,inprocessing
adult,race,adversial debiasing,0.8381615313747569,0.6099185788304958,0.0013139870516033,1.0074926739557095,0.1894033795902954,0.109150810555211,inprocessing
adult,race,adversial debiasing,0.7986487869792199,0.4423022398639069,0.0281114019263209,1.2393658427128147,0.1639290519252712,0.1008348219238074,inprocessing
adult,race,adversial debiasing,0.8495240045040434,0.6419873356064296,-0.0192087985481588,0.8954506809839805,0.1235857497928748,0.0689411459924705,inprocessing
adult,race,adversial debiasing,0.8539256832838571,0.6616077780412615,-0.037537180302388,0.8099454663175365,0.0856641721234799,0.0456673293932454,inprocessing
adult,race,adversial debiasing,0.8027433718906746,0.4412873296607712,0.0201489423433686,1.1816428232047949,0.1882003180168414,0.1061312629401095,inprocessing
adult,race,adversial debiasing,0.852492578564848,0.6646497556434722,-0.0433155574798332,0.7905412046866399,0.086854960877988,0.0407731151380625,inprocessing
adult,race,adversial debiasing,0.8388780837342614,0.5857894736842104,0.0314681855442801,1.217018373215069,0.2094900427172957,0.1277212376031503,inprocessing
adult,race,adversial debiasing,0.8470672535571706,0.6234879032258064,0.011325391866267,1.0685614202369218,0.1447629105675082,0.0907631426558317,inprocessing
adult,race,adversial debiasing,0.7961920360323472,0.4383638928067701,0.0043563104361761,1.035441241685144,0.0887874329236628,0.0551727248981308,inprocessing
adult,race,adversial debiasing,0.7941447435766199,0.4111273792093704,-0.0086416521086839,0.9225038939930924,0.0624040920716112,0.0334363373418897,inprocessing
adult,sex,adversial debiasing,0.8448152318558706,0.6146415861718353,-0.039339058233633,0.777112907658006,0.2139941739982093,0.1194629515424876,inprocessing
adult,sex,adversial debiasing,0.8444057733647251,0.6082474226804123,-0.0669694919992685,0.6291672164057669,0.1630961586634283,0.0797433109065051,inprocessing
adult,sex,adversial debiasing,0.8340669464633023,0.5755433359518198,-0.0531017438797198,0.6860947545338082,0.168644306156172,0.0889905920574424,inprocessing
adult,sex,adversial debiasing,0.8397993653393387,0.605296343001261,-0.0603401162557589,0.6767139330540548,0.1419278732726659,0.0756910601157213,inprocessing
adult,sex,adversial debiasing,0.8405159176988433,0.628162291169451,-0.0865760221539697,0.603218510941162,0.1382310748179209,0.0602025316734867,inprocessing
adult,sex,adversial debiasing,0.8383662606203296,0.5839262187088273,-0.0573830973830973,0.6594357877584275,0.1707069447182668,0.083713163244294,inprocessing
adult,sex,adversial debiasing,0.8177909714402702,0.4963214487832484,-0.0266087562959071,0.7973808639434612,0.1918736269484255,0.1022625165059248,inprocessing
adult,sex,adversial debiasing,0.8508547446002661,0.6282214850727226,-0.0804309269788796,0.5741428633591725,0.1009916328888236,0.0463702903749592,inprocessing
adult,sex,adversial debiasing,0.8413348346811342,0.5853397538790798,-0.0431252139015072,0.7259717344463107,0.2365496629507624,0.1228367665392108,inprocessing
adult,sex,adversial debiasing,0.8336574879721568,0.5984680009883865,-0.0379365283230309,0.7971339580928126,0.2097528452841527,0.120665335394936,inprocessing
adult,sex,adversial debiasing,0.8362166035418159,0.5731056563500534,-0.0359308970424388,0.770254658319775,0.2195599366690523,0.1159244207652393,inprocessing
adult,sex,adversial debiasing,0.8411301054355614,0.6050890585241729,-0.0276386613797087,0.839464210150123,0.2681908332541934,0.1461806364170216,inprocessing
adult,sex,adversial debiasing,0.8314054662708568,0.5459057071960298,-0.0150722646996586,0.8900201001317236,0.236318773933476,0.1349202452346119,inprocessing
adult,sex,adversial debiasing,0.839594636093766,0.6106832298136645,-0.0674455980568702,0.6533695470581877,0.1639365206167021,0.082435805656102,inprocessing
adult,sex,adversial debiasing,0.8488074521445389,0.6301026796894567,-0.0581185874425626,0.6923077880791471,0.1944561046017999,0.1001058442832297,inprocessing
adult,sex,adversial debiasing,0.8410277408127751,0.5824146275880613,-0.0166989109358646,0.8863289983427276,0.2248354155392647,0.1266438412472001,inprocessing
adult,sex,adversial debiasing,0.8506500153546934,0.6271403015589062,-0.0595223938225391,0.6714384089506911,0.2137751731365045,0.1100892124553589,inprocessing
adult,sex,adversial debiasing,0.8480908997850343,0.6405038759689924,-0.0827685227795674,0.6073013100436682,0.1492779993031628,0.0719305376229487,inprocessing
adult,sex,adversial debiasing,0.8522878493192753,0.6387984981226533,-0.0889620638699049,0.5536806865061901,0.136077045659253,0.0609895200512635,inprocessing
adult,sex,adversial debiasing,0.852492578564848,0.6403793361617169,-0.0744572420321868,0.6181679895785291,0.1288976525560824,0.0634028198782178,inprocessing
adult,sex,adversial debiasing,0.8443034087419388,0.6048324240062355,-0.044571548409436,0.7370924608312976,0.2153857624416255,0.1168195880152901,inprocessing
adult,sex,adversial debiasing,0.8378544375063978,0.6,-0.0522267785565217,0.7155615530883886,0.2067672653212367,0.1053061722194785,inprocessing
adult,sex,adversial debiasing,0.8338622172177296,0.5761295377383129,-0.0299882388489965,0.8155243273065023,0.2404974024418136,0.1280807413161067,inprocessing
adult,sex,adversial debiasing,0.8450199611014434,0.6141692150866462,-0.0581945519556804,0.6798561757163414,0.1372597640870475,0.0716797280428357,inprocessing
adult,sex,adversial debiasing,0.8345787695772341,0.5896394108684612,-0.0617905693902535,0.6643753331213734,0.1620861840653277,0.0787439344375685,inprocessing
adult,race,reject option classification,0.7953731190500563,0.6640900688959839,-0.02328137107178313,0.9376362370774536,0.0770774430470248,0.05154682279973867,postprocessing
adult,race,reject option classification,0.8099088954857201,0.6815297547590463,-0.05104576440468034,0.860160765646968,0.052092683527817374,0.03123798073160146,postprocessing
adult,race,reject option classification,0.7936329204626881,0.6643356643356643,-0.04690589909263654,0.8771984595139279,0.043204104782198494,0.021507673759489615,postprocessing
adult,race,reject option classification,0.7863650322448562,0.658931197908155,-0.023109775832711843,0.9408091548026671,0.08987626942640403,0.06197653901246647,postprocessing
adult,race,reject option classification,0.7945542020677654,0.6695208299028486,-0.057366667700717966,0.8530789527579352,0.05067304483257318,0.027989535730904236,postprocessing
adult,race,reject option classification,0.7946565666905517,0.6627437794216543,-0.0412691980579471,0.890164920462001,0.08925144971323773,0.049642883695660764,postprocessing
adult,race,reject option classification,0.7900501586651654,0.66283084004603,-0.0362753192302831,0.9066821617822517,0.0817838441067903,0.04992604153463527,postprocessing
adult,race,reject option classification,0.7911761695158154,0.6636993076162216,-0.03810551325225542,0.9016070929155516,0.0508635296678015,0.028236616079679894,postprocessing
adult,race,reject option classification,0.7928140034803972,0.6647896654521365,-0.04018898866257298,0.89549861976656,0.09542582655357457,0.05210487823260733,postprocessing
adult,race,reject option classification,0.7885146893233699,0.6607553366174055,-0.043102516175859695,0.8895300425883987,0.08071673263636203,0.04431459825996911,postprocessing
adult,race,reject option classification,0.8043812058552564,0.6741687979539641,-0.06715442201871813,0.8189240609000616,0.03304892701251694,0.012183725525079736,postprocessing
adult,race,reject option classification,0.8002866209438019,0.6773606747147346,-0.0677704521967944,0.8258485902722742,0.043850301284880655,0.022612762875122483,postprocessing
adult,race,reject option classification,0.8072474152932746,0.6745030250648228,-0.04111734584556509,0.8853864257043009,0.0678690283569553,0.03869151577008739,postprocessing
adult,race,reject option classification,0.7950660251816972,0.6638683680322365,-0.0657683408193821,0.8268100358422938,0.03145460824458901,0.015670177050767647,postprocessing
adult,race,reject option classification,0.7916879926297472,0.6635807571499422,-0.041669411608898366,0.8920160319124643,0.04483728578847157,0.030363848926658443,postprocessing
adult,race,reject option classification,0.7962944006551336,0.6683333333333333,-0.057920490532145374,0.848790203988909,0.06732276031341455,0.035274474537949005,postprocessing
adult,race,reject option classification,0.7940423789538336,0.664330997664331,-0.032878403635967335,0.9133044003424604,0.08933224339651569,0.05623198999480422,postprocessing
adult,race,reject option classification,0.7923021803664654,0.6612122224077475,-0.057998875127342864,0.8481836823980653,0.07032753383043366,0.031414126639111,postprocessing
adult,race,reject option classification,0.8034599242501791,0.6721311475409836,-0.04399948777730672,0.8798393243034655,0.10197848456501413,0.05480066467592404,postprocessing
adult,race,reject option classification,0.8042788412324701,0.6701173222912353,-0.05704693814765677,0.8423712888436462,0.0818881726137678,0.03887631350345512,postprocessing
adult,race,reject option classification,0.7859555737537107,0.659612567149601,-0.047458852473289626,0.8802638371778961,0.08678169464790186,0.04346738843901801,postprocessing
adult,race,reject option classification,0.8066332275565564,0.6769283393193091,-0.0487633208016508,0.8669161041465766,0.0724816724645605,0.036840246811876975,postprocessing
adult,race,reject option classification,0.7914832633841744,0.6603301650825413,-0.03991792686497808,0.8950721581617963,0.08385728788027635,0.04355283221206521,postprocessing
adult,race,reject option classification,0.7943494728221927,0.66104268601316,-0.03961979979488073,0.8938337048555558,0.09277306560498533,0.051387973612275525,postprocessing
adult,race,reject option classification,0.789128877060088,0.6593915343915344,-0.030078890002064096,0.9217047619796459,0.08121029618018316,0.0486214962235918,postprocessing
adult,sex,reject option classification,0.7854437506397789,0.6373702422145329,-0.03512004332560803,0.9035310202321906,0.15915997965523176,0.11211149675701652,postprocessing
adult,sex,reject option classification,0.7772545808168697,0.6337933355772468,-0.03883221678814158,0.8983745920891273,0.12344936122940198,0.09468315636832741,postprocessing
adult,sex,reject option classification,0.7936329204626881,0.6412811387900357,-0.05664548629780386,0.8402983228050704,0.14866282272146625,0.09715656740975613,postprocessing
adult,sex,reject option classification,0.7782782270447334,0.6328813559322034,-0.03201797563280051,0.9146842080786522,0.16260251657117175,0.11522527610177857,postprocessing
adult,sex,reject option classification,0.788002866209438,0.6398887150060859,-0.04723927745782441,0.870571900052714,0.16571672919885228,0.10541639047674559,postprocessing
adult,sex,reject option classification,0.7817586242194697,0.6313969571230982,-0.02791808201644269,0.9229127586113149,0.1800978250227664,0.12137138552127748,postprocessing
adult,sex,reject option classification,0.7883099600777971,0.6458904109589041,-0.051422919507968345,0.8631177873269267,0.15711545838128127,0.10306212576345614,postprocessing
adult,sex,reject option classification,0.8048930289691882,0.6492454913507544,-0.05113133383470608,0.8469599302021672,0.17182961276234876,0.10434474115997787,postprocessing
adult,sex,reject option classification,0.7841130105435562,0.634931625411113,-0.034734934730300315,0.9044063230227563,0.17467803980598762,0.11907437038485029,postprocessing
adult,sex,reject option classification,0.7912785341386017,0.6360878101017312,-0.0552706274349154,0.8428889971847947,0.17617911830622646,0.10966838092168832,postprocessing
adult,sex,reject option classification,0.7808373426143924,0.6369340342547058,-0.050308283887144756,0.868027177676811,0.1457154011321491,0.0955550685867282,postprocessing
adult,sex,reject option classification,0.7565769270140239,0.6278560250391236,-0.04557358831222191,0.894003185213865,0.12999871999735746,0.09311374081534857,postprocessing
adult,sex,reject option classification,0.7598525949431877,0.623555840821566,-0.04024627862077229,0.9023669075860065,0.11134837332929803,0.09008285329134047,postprocessing
adult,sex,reject option classification,0.7755143822295015,0.6297484382914065,-0.058055780366301546,0.8495247075266206,0.14758941931959524,0.09354129962045377,postprocessing
adult,sex,reject option classification,0.7864673968676426,0.6332630098452883,-0.03785214977295953,0.8935551666990714,0.18145423671251482,0.11615646349900859,postprocessing
adult,sex,reject option classification,0.7950660251816972,0.6487719298245613,-0.02880738553520762,0.9185558195002879,0.16394338268596131,0.11214559594772033,postprocessing
adult,sex,reject option classification,0.7827822704473334,0.6357706831445246,-0.03734246537709901,0.898952937294872,0.17838185711682153,0.12038916373826664,postprocessing
adult,sex,reject option classification,0.7756167468522879,0.6323381415632338,-0.06439147108452214,0.8358999218139171,0.1609363999902501,0.09646817807442744,postprocessing
adult,sex,reject option classification,0.7904596171563107,0.6413176800420537,-0.05336690186119425,0.8528565972835631,0.19362373924834952,0.11641199222809338,postprocessing
adult,sex,reject option classification,0.8079639676527792,0.6528497409326424,-0.03717447431079496,0.8859360620868216,0.16106478556401838,0.10879953839232784,postprocessing
adult,sex,reject option classification,0.7823728119561879,0.6355845046280425,-0.04586219135651126,0.8770968764964604,0.1497196162520772,0.10336174543995952,postprocessing
adult,sex,reject option classification,0.7956802129184154,0.6436986790431989,-0.04335882052385204,0.8756599487543871,0.18009736758987993,0.11434775894290915,postprocessing
adult,sex,reject option classification,0.7775616746852287,0.628229255774166,-0.03267016347735002,0.9116580389083081,0.16966084711981444,0.11336494179945153,postprocessing
adult,sex,reject option classification,0.7994677039615109,0.6408799266727773,-0.03981187402780473,0.8802146665867068,0.17628445673148574,0.10996298940592114,postprocessing
adult,sex,reject option classification,0.7772545808168697,0.6303092082908597,-0.03382185360077189,0.909643002360774,0.1484274994482454,0.10491968058882363,postprocessing
